round_epochs,val_loss,val_coeff_determination,val_acc,loss,coeff_determination,acc,first_neuron,second_neuron,dropout,hidden_layers
568,0.003958022267575942,0.14809076926287482,0.0019607842698985455,0.00452057779336176,-0.07567419725305893,0.0,128,32,0.4,1
231,0.007291641415042036,-0.031541153496386955,0.0019607842698985455,0.006966723360027335,-0.24686841904616155,0.0,16,32,0.3,2
398,0.02343857653585135,-0.5907962742973777,0.0019607842698985455,0.024996746409715723,-1.4228712610837793,0.0,8,16,0.8,2
144,0.007800870839798567,0.09138777092391369,0.0019607842698985455,0.006105221064463884,-0.03198338356338629,0.0,16,64,0.2,2
